Total Size,u-ch427-n96-template-start-paper-x-00,0,0
Total Size,u-ch427-n96-template-start-paper-x-00,1,0
Total Size,u-ch427-n96-template-start-paper-x-00,2,0
Total Size,u-ch427-n96-template-start-paper-x-00,3,0
Total Size,u-ch427-n96-template-start-paper-x-00,4,0
Total Size,u-ch427-n96-template-start-paper-x-00,0,0
Total Size,u-ch427-n96-template-start-paper-x-00,1,0
Total Size,u-ch427-n96-template-start-paper-x-00,2,0
Total Size,u-ch427-n96-template-start-paper-x-00,3,0
Total Size,u-ch427-n96-template-start-paper-x-00,4,0
Total Size,u-ch427-n96-template-start-paper-x-00,0,0
Total Size,u-ch427-n96-template-start-paper-x-00,1,0
Total Size,u-ch427-n96-template-start-paper-x-00,2,0
Total Size,u-ch427-n96-template-start-paper-x-00,3,0
Total Size,u-ch427-n96-template-start-paper-x-00,4,0
Total Size,u-ch427-n96-template-start-paper-x-00,0,0
Total Size,u-ch427-n96-template-start-paper-x-00,1,0
Total Size,u-ch427-n96-template-start-paper-x-00,2,0
Total Size,u-ch427-n96-template-start-paper-x-00,3,0
Total Size,u-ch427-n96-template-start-paper-x-00,4,0
